username,pwd,first_name,last_name
nikitas.kotsikoris219,TwU3TCv6&@,Νικήτας,Κωτσικόρης
nikitas.spanidoy375,U!t_95WwSf,Νικήτας,Σπανίδου
meletia.darsakli260,(i00stSq*F,Μελέτια,Δαρσακλή
asterios.triantafylloy897,uWAiiwq9(4,Αστέριος,Τριανταφύλλου
tsabika.gkoyskos941,k^&07GDi#H,Τσαμπίκα,Γκούσκος
euangelos.kesalidis606,31EXzzJo&q,Ευάγγελος,Κεσαλίδης
amvrosios.tseas466,7dI!iJ3K(I,Αμβρόσιος,Τσέας
ioakeim.koytsikos144,(8aQjodFY#,Ιωακείμ,Κούτσικος
minoas.moraitis887,J9UTQLOZ@k,Μίνωας,Μωραΐτης
laertis.statha998,sC*_1RLsT%,Λαέρτης,Σταθά
paraskeuas.theodosiadoy121,sYS*3JzIdV,Παρασκευάς,Θεοδοσιάδου
michalis.orfaniotis911,$+KD9(hk68,Μιχάλης,Ορφανιώτης
eugenia.tzoyvelis248,_hS1U%nSX(,Ευγενία,Τζουβέλης
poluzois.zavitsanoy819,52Iwxjpj^C,Πολυζώης,Ζαβιτσάνου
vardis.xenaki919,%9*DLg)ewe,Βαρδής,Ξενάκη
chrusi.kotoyla553,^72zXzPrZj,Χρυσή,Κωτούλα
garyfallos.logkaki314,5_er!X1x#T,Γαρύφαλλος,Λογκάκη
damaskinos.koytsoybi951,^dxOIT^fR7,Δαμασκηνός,Κουτσούμπη
chrusaugi.koyvas454,#6%0gJnwn9,Χρυσαυγή,Κουβάς
virginia.risvas884,_(!Y1HRax5,Βιργινία,Ρίσβας
kuriazis.euangelidi648,5+4vzLcnmX,Κυριαζής,Ευαγγελίδη
venetios.fasoyli877,^6Fq^BMoM2,Βενέτιος,Φασουλή
glukeria.mauroytsos441,(37PGdj414,Γλυκερία,Μαυρούτσος
athinodora.tzikas933,(1Y#1OoKpb,Αθηνοδώρα,Τζήκας
tsabikos.ntovas575,^8NPnKpzfU,Τσαμπίκος,Ντόβας
marilena.chalvatzi677,J*6Khd&VCZ,Μαριλένα,Χαλβατζή
dionusia.patelli131,O!+9FQxe2y,Διονυσία,Πατελλή
mikes.giotakis589,^2gImZzB+$,Μικές,Γιωτάκης
zinovia.tsakiri185,h7N8Zk8p*q,Ζηνοβία,Τσακίρη
pinelopi.rogaris540,&@I9Uk1d#7,Πηνελόπη,Ρόγαρης
varvara.royssoy24,+U$0L$Zkow,Βαρβάρα,Ρούσσου
fevronia.kakatsos702,RqZm0Wza)9,Φεβρωνία,Κακατσός
chrusanthi.apostolopoylos367,%MF7_)Iue),Χρυσάνθη,Αποστολόπουλος
theoni.fragkoydaki133,r@6X6mx!Kp,Θεώνη,Φραγκουδάκη
pantelia.draziotis68,(i5DiFPl^7,Παντελία,Δραζιώτης
thekla.mengk826,#8WAEbc7bh,Θέκλα,Μενγκ
kalliopi.kaldi342,m^V&b3Z1Ku,Καλλιόπη,Καλδή
patapia.samanidis365,5HA5!+#iQ_,Παταπία,Σαμανίδης
lazaros.filippopoylos732,2a74lvOx)*,Λάζαρος,Φιλιππόπουλος
thalis.piperigkos214,iqR!1jOUe+,Θαλής,Πιπερίγκος
dimosthenis.koymara975,3Xy2HHqX$h,Δημοσθένης,Κουμάρα
venetios.manolakis20,F!4ZKEboxO,Βενέτιος,Μανωλάκης
chrusovalantoy.zorbas559,!3KCC7yZQr,Χρυσοβαλάντου,Ζορμπάς
theoni.karabina804,m^7Oiki!ya,Θεώνη,Καραμπίνα
giorgos.koykoyliantas846,a*q1nKH9oy,Γιώργος,Κουκουλιάντας
meletios.risvas380,lm+j1Edz$(,Μελέτιος,Ρίσβας
rafail.doymas279,*0l!eRCr!Q,Ραφαήλ,Δουμάς
themis.asimopoylos243,9sbv!TLh(A,Θέμις,Ασημόπουλος
kleio.alexandridoy171,%X0CJ7VuO*,Κλειώ,Αλεξανδρίδου
isavella.tziova929,$^Z#prCf34,Ισαβέλλα,Τζιόβα
laskaris.masaoyti694,#2GCc$wk%q,Λάσκαρης,Μασαούτη
ippolutos.karveli858,^su3If#C*9,Ιππόλυτος,Καρβέλη
spuridon.margia203,lW9lIcHm)5,Σπυρίδων,Μαργιά
leonidia.zorbas665,S&r7HY7dr&,Λεωνιδιά,Ζορμπάς
kallinikos.dimitrioy606,_C6TeDK@8c,Καλλίνικος,Δημητρίου
aristofanis.kobolias157,KYS9PbCU#4,Αριστοφάνης,Κομπολιάς
veronika.koylocheri82,+1QWW73iq8,Βερόνικα,Κουλοχέρη
faidon.kanellopoylos864,%_r_L0z_5P,Φαίδων,Κανελλόπουλος
ioakeim.karkanaki596,#RLJLMWkm9,Ιωακείμ,Καρκανάκη
varvara.kuriakakis721,ARl4Qu&n_J,Βαρβάρα,Κυριακάκης
atalanti.rigkos723,MUKf7%Ik%N,Αταλάντη,Ρίγκος
xenofon.skaventzoy389,umsXcBIV%9,Ξενοφών,Σκαβέντζου
faidra.assargiotaki143,RW7^XSwbE!,Φαίδρα,Ασσαργιωτάκη
anarguri.manoleas609,n^8Az%FM%E,Ανάργυρη,Μανωλέας
odusseys.doyloyfaki647,@RG9FUujiu,Οδυσσεύς,Δουλουφάκη
anthimos.fotiadoy982,+d1YRdjb6A,Άνθιμος,Φωτιάδου
gavriella.potamianoy266,!5SP0OE)cS,Γαβριέλλα,Ποταμιάνου
ignatios.smurniotis635,I1dOECZw!H,Ιγνάτιος,Σμυρνιώτης
zafeirios.lagogiannis476,2k5BxyJx)c,Ζαφείριος,Λαγογιάννης
laertis.koythoyri768,8*AY5BuYaE,Λαέρτης,Κουθούρη
iris.varthaliti824,*e+5*jWm!8,Ίρις,Βαρθαλίτη
kupriani.georgoydis476,!8ZeTs4R+g,Κυπριανή,Γεωργούδης
methodios.armenis328,#3dQCJbt!u,Μεθόδιος,Αρμένης
ivi.maragkos363,g40O@Kka)#,Ήβη,Μαραγκός
murto.grammatikopoylos676,&7G5f(F&&6,Μυρτώ,Γραμματικόπουλος
andriani.markantonaki769,58z96Hps^&,Ανδριανή,Μαρκαντωνάκη
eumorfia.chatzimichail29,_B9ChUfeD5,Ευμορφία,Χατζημιχαήλ
roysa.diamantis598,)7T4hn4@qV,Ρούσα,Διαμαντής
klimentini.tsoyraki346,*a5kXhuxXW,Κλημεντίνη,Τσουράκη
stergios.karveli853,5#AyOTQy!a,Στέργιος,Καρβέλη
mikes.angelikas472,$TJkzrPq+9,Μικές,Αγγελίκας
eustratia.mitridis316,*JHr6S(tEs,Ευστρατία,Μητρίδης
valantis.angelidis911,+yf2qVgnJd,Βαλάντης,Αγγελίδης
thalassini.varoytidoy931,+37Ogd3rb$,Θαλασσινή,Βαρουτίδου
lazaros.tsalamandris761,_0pWaIRy(X,Λάζαρος,Τσαλαμάνδρης
chrusostomos.tassi882,&E72P5cG*J,Χρυσόστομος,Τάσση
martha.dardioti725,UMzU_8Sg6a,Μάρθα,Δαρδιώτη
zinovia.suvilia722,PDB#1WhtWL,Ζηνοβία,Συβιλιά
ariadni.micheli794,j^3RaWTfNr,Αριάδνη,Μιχελή
euthalia.tsonis221,&RJzcQ!m@1,Ευθαλία,Τσώνης
achilleas.nelos177,*T1NZ0Mr%U,Αχιλλέας,Νέλος
zabeta.palioyra697,0)Wo#lfR@2,Ζαμπέτα,Παλιούρα
kirykos.psurri576,^WNMUeNyy0,Κηρύκος,Ψυρρή
christodoylos.abatzianis515,$9Qu)j#l36,Χριστόδουλος,Αμπατζιάνης
androklis.avrabeki277,a$%%9TcrAC,Ανδροκλής,Αβραμπέκη
eirini.filka883,^l4EqYLnaU,Ειρήνη,Φίλκα
polykarpos.sidiropoylos757,j^0imNeQn8,Πολύκαρπος,Σιδηρόπουλος
dido.katsaros532,&Wek#GNkm1,Διδώ,Κατσαρός
kuparissia.kottikas327,A93W&u(V&2,Κυπαρισσία,Κοττίκας
fragkiskos.matsoykas702,pZ_6CraX^n,Φραγκίσκος,Ματσούκας
kuriazis.trika592,)r1)9XMa1l,Κυριαζής,Τρίκα
stefanos.stamoylis370,e7Ri)Mur(y,Στέφανος,Σταμούλης
dorothea.vossos630,*54UVUd4b1,Δωροθέα,Βώσσος
vlasia.mamala696,Xw1ZPKVgl!,Βλασία,Μαμαλά
klearchos.charbilas186,o&0V(*puR@,Κλέαρχος,Χαρμπίλας
prodromia.kolovos28,ekO%0sRa16,Προδρομία,Κολοβός
gavriil.daniilidis283,h4A)%kYj+4,Γαβριήλ,Δανιηλίδης
amalia.ntanoy467,J2HXdX4W)z,Αμαλία,Ντάνου
sotiris.fokas499,y8&H3WzXFw,Σωτήρης,Φωκάς
polyvios.doykas239,^9aBlI9v#h,Πολύβιος,Δουκάς
akrivos.palieraki556,!O94dCalH),Ακριβός,Παλιεράκη
martha.theodosiadoy34,6UVt8W7x+o,Μάρθα,Θεοδοσιάδου
valantis.manikas601,kK+4s+aek%,Βαλάντης,Μανίκας
anna.leventis13,)8PNTRZMCf,Άννα,Λεβέντης
aimilia.emmanoyilidoy6,gi4q2R^g*y,Αιμιλία,Εμμανουηλίδου
isaias.koroboki459,VOyqX4Xmz+,Ησαΐας,Κορομπόκη
damaskinos.stauridoy400,31I2Qc1f$o,Δαμασκηνός,Σταυρίδου
logothetis.theodorikakos13,w$e6uLeT8G,Λογοθέτης,Θεοδωρικάκος
kuprianos.gretos52,)vW%9Xbzit,Κυπριανός,Γρετός
zacharenia.fragkiadaki144,#t*g8SQz(Y,Ζαχαρένια,Φραγκιαδάκη
florina.katsigianni186,2m5y4MSz6#,Φλωρίνα,Κατσιγιάννη
ermis.doylami345,%6OJ+E^w5g,Ερμής,Δουλάμη
ilektra.damiloy182,@&pM9MhL4D,Ηλέκτρα,Δαμήλου
christian.koytkia28,C^1txdLqS5,Χριστιάν,Κουτκιά
diamantis.papadimitriadis12,OsKM00aX%1,Διαμαντής,Παπαδημητριάδης
polydora.tzagka873,(KIQzG$fn1,Πολύδωρα,Τζάγκα
soymela.poyli788,Dr3P+WCDy%,Σουμέλα,Πουλή
andromachi.regkas164,B*p@5bFvLF,Ανδρομάχη,Ρέγκας
thalassini.vradi148,NSS6BqQQ2^,Θαλασσινή,Βραδή
sokratis.petsia882,&*qa4BUDbj,Σωκράτης,Πετσιά
chrusaugi.nikolaoy701,*X(O8VRhm$,Χρυσαυγή,Νικολάου
valanto.mammis211,&U(R6GGiDp,Βαλάντω,Μαμμής
thetis.kelaidonis672,ngg3FQh#(5,Θέτις,Κελαϊδώνης
tatiana.intzes499,0YICkN_6@b,Τατιάνα,Ιντζές
meletios.tsakalakoy383,)p8K9yJmZW,Μελέτιος,Τσακαλάκου
panteleimon.dagli963,r@m03Ui3mh,Παντελεήμων,Δαγλή
zafeiria.patelis104,mi1PVQT5+9,Ζαφειρία,Πατελής
dialekti.koyris991,!K%3Gh0q8#,Διαλεκτή,Κουρής
ignatios.lappas611,#8b54IuvxX,Ιγνάτιος,Λάππας
aretha.koytsoybi225,b&7tUE&wwk,Αρέθα,Κουτσούμπη
odusseys.fasoyli719,7M@C30yv(J,Οδυσσεύς,Φασουλή
vardis.karagrigorioy161,j2GJ4XuZ@k,Βαρδής,Καραγρηγορίου
savvoyla.kaberidis971,Rh3&Yjx$v!,Σαββούλα,Καμπερίδης
giolanta.gratsias193,Nc%w5^BdkP,Γιολάντα,Γρατσιάς
euseveia.lytra913,u&0kI(azDY,Ευσεβεία,Λύτρα
angeliki.toyrnavitis916,o0DCNWfN$i,Αγγελική,Τουρναβίτης
charikleia.kalitsoynakis745,6cWseh+E(*,Χαρίκλεια,Καλιτσουνάκης
kosmas.gatos991,vD!(6RmbMb,Κοσμάς,Γάτος
matthildi.koyrtis53,+1Xef2zl24,Ματθίλδη,Κούρτης
nikitia.tzanoydakis99,mZ&3B8tR&_,Νικητία,Τζανουδάκης
mikes.markopoylos135,#V!9F8y74+,Μικές,Μαρκόπουλος
themistoklis.tsaramiadis360,@y7W&!cdpH,Θεμιστοκλής,Τσαραμιάδης
galinos.arabatzis18,OqM7OCgq$q,Γαληνός,Αραμπατζής
zinovia.karadimos315,E&j6ObdVz+,Ζηνοβία,Καραδήμος
ieronumos.tzagka300,x43Xn)ca^M,Ιερώνυμος,Τζάγκα
andreas.valavanis94,U0VbiC_d(&,Ανδρέας,Βαλαβάνης
nikolitsa.kesemidis121,O46wx3Xr*^,Νικολίτσα,Κεσεμίδης
thoykudidis.mastrangeli106,1+136Uvo+w,Θουκυδίδης,Μαστραγγελή
argyrios.chalkidoy685,^INjKw%c(1,Αργύριος,Χαλκίδου
tilemachos.kollia409,$1H5kC78bE,Τηλεμαχος,Κόλλια
pantelia.koytsonika616,33FoHcKo#J,Παντελία,Κουτσονίκα
dikaios.tumvioy180,H$C4WkeO(R,Δίκαιος,Τυμβίου
ippolutos.tantoy69,_n8Lfm1CaR,Ιππόλυτος,Τάντου
freiderikos.mamala495,^!aNXPh6n5,Φρειδερίκος,Μαμαλά
rodia.marakas7,+7lRYw!T@i,Ροδιά,Μαρακάς
zisoyla.chatzigrigorakis563,B7RWBhnm_1,Ζησούλα,Χατζηγρηγοράκης
sotirios.billas359,8I()f4$j+7,Σωτήριος,Μπίλλας
komnini.konsoyla320,88)uWnl5+!,Κομνηνή,Κονσούλα
stergios.apostolakakis238,4E9^3Ax(VF,Στέργιος,Αποστολακάκης
promitheas.chiotidoy713,5f#2QqtMcL,Προμηθέας,Χιωτίδου
thiresia.dauid444,)0E&3vk!HL,Θηρεσία,Δαυίδ
stellios.doylamis21,AZ7pcHv4(9,Στέλλιος,Δουλάμης
errikos.frantzis604,RQ1I6%uZ$*,Ερρίκος,Φραντζής
eusevia.arapaki390,(7CzCJDo*Q,Ευσεβία,Αραπάκη
timotheos.panopoyloy710,@C+oQ)Up81,Τιμόθεος,Πανοπούλου
zafeirios.mastoras165,)4HbyYGg^e,Ζαφείριος,Μάστορας
meropi.kalomoiri579,w(J5URHah),Μερόπη,Καλομοίρη
soymela.desyllas96,_y6D5Popxo,Σουμέλα,Δεσύλλας
artemios.koroboki368,bM^w#Xrx$9,Αρτέμιος,Κορομπόκη
theofania.chatzigeorgioy665,(3OPzq^G&f,Θεοφανία,Χατζηγεωργίου
agathoklis.spordilis971,WyL6Bqgp%$,Αγαθοκλής,Σπορδιλής
prokopios.vassis861,Bv9BtTwQ3%,Προκόπιος,Βάσσης
stulianos.moyselimis178,*1TjyCLs^A,Στυλιανός,Μουσελίμης
pigi.baltatzi93,Va7Qjb$gV_,Πηγή,Μπαλτατζή
daniil.savvaki339,)klWvTxO_8,Δανιήλ,Σαββάκη
stuliani.koyrsaris270,_cr0G#BxL(,Στυλιανή,Κουρσάρης
dimitris.lepida364,&)$e5YfT!8,Δημήτρης,Λεπίδα
pantelis.pikros911,1bn!%FtU+U,Παντελής,Πικρός
loydovikos.tsolkas406,*LE4fK5jJo,Λουδοβίκος,Τσόλκας
charalabos.poylida128,^+3DZfoX^Y,Χαράλαμπος,Πουλίδα
sofronia.paraskeuopoylos163,0fwHpb&B)J,Σωφρονία,Παρασκευόπουλος
meletios.geropoylos93,B^69Axmu4*,Μελέτιος,Γερόπουλος
theotokis.koytsoyras573,H1FUf8Uu%u,Θεοτόκης,Κουτσούρας
marinos.georgoyla692,(71@vTlJ&b,Μαρίνος,Γεωργούλα
timoleon.bozikis907,y(6KBKdYHf,Τιμολέων,Μποζίκης
dikaios.armenis176,&N*6DUFh$j,Δίκαιος,Αρμένης
poylia.gkatzogiannis1,d&##N%ks^0,Πούλια,Γκατζογιάννης
kornilios.georgakopoylos940,(&4HvavD7!,Κορνήλιος,Γεωργακόπουλος
malvina.matsoyri825,!8xXKaiVBR,Μαλβίνα,Ματσούρη
vladimiros.stamoylis349,U5j+J@g9@5,Βλαδίμηρος,Σταμούλης
agapios.koytsogiannis648,oH1yZh^h6+,Αγάπιος,Κουτσογιάννης
leonidia.fotiadoy471,e)0iDEN8Ij,Λεωνιδιά,Φωτιάδου
kali.melani501,71nCUqz0(5,Καλή,Μέλανι
valantis.apostolidis905,@wh(h4Hrlv,Βαλάντης,Αποστολίδης
freiderikos.stamoyli502,bDHP7CfnB+,Φρειδερίκος,Σταμούλη
nikitas.varelidoy86,ky6Yf4b##0,Νικήτας,Βαρελίδου
erasmia.alatzakis994,aC2Oq2Rne_,Ερασμία,Αλατζάκης
akrivos.mantzoyranis24,a*I#I6u8%V,Ακριβός,Μαντζουράνης
ieremias.gennimatas679,m^4MJdjh%u,Ιερεμίας,Γεννηματάς
marinos.katarachias498,%l848iRa%K,Μαρίνος,Καταραχιάς
atalanti.misidoy374,M(6TFQneI7,Αταλάντη,Μισίδου
aygoystos.bika960,#u1DcG7k*v,Αύγουστος,Μπίκα
fanoyrios.tziaras662,OlbYmL*g^6,Φανούριος,Τζιάρας
thekla.tsamados755,c#5X*Av&p&,Θέκλα,Τσαμαδός
florentia.stayroy71,%1XJL6$due,Φλωρεντία,Σταύρου
thalis.nasikas58,Hs24kOztU_,Θαλής,Νασίκας
fereniki.doyvali976,Q5_mbHXe(J,Φερενίκη,Δούβαλη
ilektra.vardakis18,Ee908QbT(H,Ηλέκτρα,Βαρδάκης
olybia.griva531,XTVQdRpk*9,Ολύμπια,Γρίβα
isidoros.moschovaki207,D14A+iskC+,Ισίδωρος,Μοσχοβάκη
timoleon.fanoyrgakis778,F8_+8Yl@f!,Τιμολέων,Φανουργάκης
efraim.katsifos550,Xl&%2O$FA),Εφραίμ,Κατσίφος
minoas.katsifos648,9SKd_DGw+R,Μίνωας,Κατσίφος
archimidis.luri6,7jgAXoI)*2,Αρχιμήδης,Λυρή
akrivos.papadopoyloy215,C)8GNld0OC,Ακριβός,Παπαδοπούλου
christofora.ufanti469,#Ir9IBTm&i,Χριστοφόρα,Υφαντή
ifigeneia.rodis334,#6K46SsBoh,Ιφιγένεια,Ρόδης
adamantia.zugoyris975,+L7vBgHk7e,Αδαμαντία,Ζυγούρης
apollonia.papapanos880,+(7)NLSf$W,Απολλωνία,Παπαπανός
chrusovalanto.karabi755,r2TSImAI#9,Χρυσοβαλάντω,Καράμπη
tilemachos.ketesidoy426,@LA1PqBIkt,Τηλέμαχος,Κετεσίδου
leukothea.panoysis211,T4T#I#Gc(f,Λευκοθέα,Πανούσης
kuratsa.kapoyrnioti849,wr+Dd3Dlv7,Κυράτσα,Καπουρνιώτη
chrusafenia.kesalidis541,&5dZ&cqAnJ,Χρυσαφένια,Κεσαλίδης
giannis.manolakis676,$PUbXwNC1_,Γιάννης,Μανωλάκης
taxiarchia.georgakopoylos622,8QqU9$rL(5,Ταξιαρχία,Γεωργακόπουλος
panagiota.xiridoy372,(EAtL$5hE6,Παναγιώτα,Ξηρίδου
garyfallos.tamiolakis479,(Abs)78pr^,Γαρύφαλλος,Ταμιωλάκης
eustathios.skasila543,ePl1JSCdm+,Ευστάθιος,Σκασίλα
venizelos.tachtsidis798,T^9yKdz)b%,Βενιζέλος,Ταχτσίδης
agapi.stergioydis221,*6G4TmR7a1,Αγάπη,Στεργιούδης
chrusoyla.chelios764,hll^_LKB#1,Χρυσούλα,Χέλιος
vasilis.luberis201,)08AqoxzJ^,Βασίλης,Λυμπέρης
kostas.tsakalakoy230,iCC@0EFd0r,Κώστας,Τσακαλάκου
nikodimos.koylizos607,5fYfYnKg%&,Νικόδημος,Κουλίζος
miltiadis.koyrkoytas758,7_FlYe^V*7,Μιλτιάδης,Κουρκουτάς
roxani.voykas247,YyFc9Vgb*@,Ρωξάνη,Βούκας
lida.dedoykoy575,@6K01o34vi,Λήδα,Δεδούκου
aristos.nikolatoy216,oQA9YHvby*,Άριστος,Νικολάτου
giorgos.fasoylidoy369,)mpYJ4Qy+8,Γιώργος,Φασουλίδου
sumeoni.christopoylos461,#+5QAwqKCG,Συμεώνη,Χριστόπουλος
alkinoi.bibika304,v%(X0VcmY%,Αλκινόη,Μπιμπίκα
eusevia.matsoykas998,_5WvJLSm_c,Ευσεβία,Ματσούκας
georgia.psurri673,2^DWey2&&E,Γεωργία,Ψυρρή
paris.sabani394,BoF0L$pZ$y,Πάρις,Σαμπάνη
labrini.proyva684,g+ss33gofI,Λαμπρινή,Προύβα
nektarios.frogakis200,_y14IDst^a,Νεκτάριος,Φρογάκης
eykleia.kaminari165,*fIx^9Oq_!,Εύκλεια,Καμινάρη
ermioni.filka520,)H7RHvzKkg,Ερμιόνη,Φίλκα
euseveia.arguropoyloy852,@n9CRyqw*R,Ευσεβεία,Αργυροπούλου
dominikos.poluchronopoylos453,9!o3^fMo*u,Δομήνικος,Πολυχρονόπουλος
anastasios.dagli219,X^7PLzdYrp,Αναστάσιος,Δαγλή
athinagoras.stameloy291,RZ^CWy@7@4,Αθηναγόρας,Σταμέλου
epistimi.romaioy870,*fHXGT%U3t,Επιστήμη,Ρωμαίου
asimakis.vachoythianakis154,**9F7uX*1m,Ασημάκης,Βαχουθιανάκης
promitheas.matsoykas725,5+5&VKvpE&,Προμηθέας,Ματσούκας
augoystina.angelopoylos283,(d5qGAekc8,Αυγουστίνα,Αγγελόπουλος
fani.bantis841,qz4E2PRc$E,Φανή,Μπαντής
leandros.zafeiris791,$#5MT#ac@K,Λέανδρος,Ζαφείρης
pagona.anastasakis194,yXmgX1Ax!5,Παγώνα,Αναστασάκης
murto.pantzioy548,_uJfmY(i1o,Μυρτώ,Πάντζιου
akritas.intzes97,!WCgettjt1,Ακρίτας,Ιντζές
anthoylis.matsoykas746,&2X7^Off1c,Ανθούλης,Ματσούκας
adamantios.perrakis124,S_)$ezF8Uq,Αδαμάντιος,Περράκης
vasileios.kalamaras33,&5JRLhe!&g,Βασίλειος,Καλαμάρας
themis.iosifidoy363,&jAXlUZYy5,Θέμις,Ιωσηφίδου
marianthi.patelis858,&jTJAkjp!7,Μαριάνθη,Πατελής
gkikas.pagkalos913,CVDE1GaT7),Γκίκας,Πάγκαλος
kondulia.kotsikoris522,&0lirPr0b3,Κονδυλία,Κωτσικόρης
perikleia.tasioylas606,+YT8evPm6W,Περικλεία,Τασιούλας
ilektra.katakis851,ajMZojW@*0,Ηλέκτρα,Κατάκης
maria.porichis773,*RSm3HHudy,Μαρία,Πορίχης
asklipios.poylimenos183,$6OpEvdeaE,Ασκληπιός,Πουλημένος
loykia.euangelidi436,uG9SDfQd@v,Λουκία,Ευαγγελίδη
kassandra.koytsikos436,O4#63BfW!I,Κασσάνδρα,Κούτσικος
sarantis.skremmyda876,Tl(7L+Xk2&,Σαράντης,Σκρεμμύδα
asimoyla.charisiadis193,4vo3AQdx(9,Ασημούλα,Χαρισιάδης
thrasyvoylos.plataki295,@Zj5F!Krs$,Θρασύβουλος,Πλατάκη
kudonia.boyrlis772,oo9M7Vk0W&,Κυδωνία,Μπουρλής
zafeiria.chitos26,!oGF%oV_^9,Ζαφειρία,Χητός
dorotheos.esperidis204,NdhS21nV^7,Δωρόθεος,Εσπερίδης
ektoras.rokka534,_ph*MZzdY5,Έκτορας,Ρόκκα
krinio.paraskeuopoylos785,y^18UuXqo(,Κρινιώ,Παρασκευόπουλος
ntaniela.kuriazis506,x%f6bGMmO7,Ντανιέλα,Κυριαζής
valeria.kalitsoynakis14,#l68u!DvQ5,Βαλέρια,Καλιτσουνάκης
elisavet.statha601,6N&W1Xi5A(,Ελισάβετ,Σταθά
spuridoyla.voylgaridoy440,&9EKdJxg8Y,Σπυριδούλα,Βουλγαρίδου
chrusostomi.filka284,0&dz0r7oyE,Χρυσόστομη,Φίλκα
lida.diakoymi98,f_OS8Mm_M_,Λήδα,Διακουμή
thalis.samaras601,S1!*3AGb)g,Θαλής,Σαμαράς
neoklis.provis318,rez2FTsn#&,Νεοκλής,Προβής
afentra.xugkakoy779,(5aQRyEIFu,Αφέντρα,Ξυγκάκου
dido.chondroydi796,AMM7ShN5#!,Διδώ,Χονδρούδη
fryni.bali839,0IIMv9&z&E,Φρύνη,Μπαλή
rigas.tzoymakis454,TV*48E)sF@,Ρήγας,Τζουμάκης
themis.fragkiadaki907,X$4S$yVMUn,Θέμης,Φραγκιαδάκη
io.otsos989,^5MRC0yqoq,Ηώ,Ότσος
charilaos.angelakos523,3f24Wnmv@l,Χαρίλαος,Αγγελάκος
zinais.peristeropoylos45,QnK8VNnk(C,Ζηναϊς,Περιστερόπουλος
zoi.mastrogiorgis69,_7I*X1wVlS,Ζωή,Μαστρογιώργης
galatios.stamoyli90,Uh5*OynK7^,Γαλάτιος,Σταμούλη
triantafulli.axaopoylos770,&cY4^KAq1r,Τριαντάφυλλη,Αξαόπουλος
eulabia.varoytidoy856,!QKw4Ja6Q0,Ευλαμπία,Βαρουτίδου
olga.mastrangeli50,+4Nqaux0L!,Όλγα,Μαστραγγελή
marinos.kremmydas922,(5MG0NpN(&,Μαρίνος,Κρεμμύδας
menelaos.soyrbis632,y5wtXpmr_8,Μενέλαος,Σουρμπής
frixos.oikonomoy477,)4LG(d4$i@,Φρίξος,Οικονόμου
stauroyla.tsellos848,+Hk4aGee^l,Σταυρούλα,Τσέλλος
damianos.spandonidis407,@#2(jPbjSB,Δαμιανός,Σπανδωνίδης
pierrina.tziotzis131,4^t0LEp@LH,Πιερρίνα,Τζιώτζης
zisoyla.koytsikoyri421,bI+8kQmHR+,Ζησούλα,Κουτσικούρη
mauroydis.mammis982,q9L*RAuA)W,Μαυρούδης,Μαμμής
grigorios.zarafetas796,NQ2iNduj_^,Γρηγόριος,Ζαραφέτας
vikentios.boykos366,zu&&C1WcFD,Βικέντιος,Μπούκος
kuprianos.valavanis524,x&#7CNdFB^,Κυπριανός,Βαλαβάνης
thaleia.rafios352,n+9e^mMck7,Θάλεια,Ραφιός
murto.rodis943,(pn8a!HlmW,Μυρτώ,Ρόδης
zabia.papadima935,#7pYTxMEsT,Ζαμπία,Παπαδήμα
drosia.zimatikas629,^AM0EJRy6),Δροσιά,Ζηματίκας
leandros.simitzi784,m8#PRIyY!a,Λέανδρος,Σιμιτζή
eutychios.galanopoyloy855,)@AbrhtUU3,Ευτύχιος,Γαλανοπούλου
grigorios.karakosta532,d*HQgZjF%0,Γρηγόριος,Καρακώστα
freideriki.michalakis8,(9^Xvp()15,Φρειδερίκη,Μιχαλάκης
megaklis.baloykidis703,*5f9^kJbF5,Μεγακλής,Μπαλουκίδης
foivi.kalaitzopoyloy437,e$37MCjQ&N,Φοίβη,Καλαϊτζοπούλου
kleomenis.trivellas242,ubEkUzLp^2,Κλεομένης,Τριβέλλας
adamantia.kolokathis93,1e^vzDHt*2,Αδαμαντία,Κολοκάθης
varsamia.dosis945,5aHAG7yu*q,Βαρσαμία,Δόσης
kallirroi.konstantopoyloy598,biIyVmmI^2,Καλλιρρόη,Κωνσταντοπούλου
gerakina.charteros413,GzSDL8H^*4,Γερακίνα,Χαρτερός
filimon.choyliaras981,YA4D!rVo1#,Φιλήμων,Χουλιάρας
triseygeni.maurommatis575,8F(3FiS1dG,Τρισεύγενη,Μαυρομμάτης
foivi.alexandropoylos454,c0TsK3S$%X,Φοίβη,Αλεξανδρόπουλος
dorotheos.christakis227,ZJ9IFdiu&$,Δωρόθεος,Χριστάκης
faidra.natsoyli770,x#K%4WFsKm,Φαίδρα,Νατσουλή
artemis.petrosian76,*5UtB5ptkX,Αρτέμης,Πετροσιάν
thiseys.chorianopoyloy193,Sv6ex1F5K*,Θησεύς,Χωριανοπούλου
anthimos.triftanidoy458,)74gc_Qxx*,Άνθιμος,Τριφτανίδου
paris.maniotis502,bB3JViE0@b,Πάρις,Μανιώτης
lazaria.akriotis765,!y6G#ZAlX@,Λαζαρία,Ακριώτης
thetis.lionti361,!(Rusfs5m6,Θέτις,Λιόντη
kuriakos.doyloyfaki682,X@37*KdBL8,Κυριάκος,Δουλουφάκη
sergios.kioysis154,V#7Cl$f#FS,Σέργιος,Κιούσης
solomon.chontzia276,s%C4MYgaJQ,Σολομών,Χοντζιά
alexios.sgoyrena491,et$3SdrFMf,Αλέξιος,Σγουρένα
eleni.alexandraki381,#v2@1rWsVR,Ελένη,Αλεξανδράκη
omiros.tsamados994,1e75RN9w%(,Όμηρος,Τσαμαδός
lysandros.thasitoy298,Q20A3Bb6#m,Λύσανδρος,Θασίτου
theofania.magkoyfis747,(eo0sYidx$,Θεοφανία,Μαγκούφης
fanoyria.varthaliti424,(4_9@Ya#qS,Φανουρία,Βαρθαλίτη
tsabikos.gkoyvelos839,gg+5AXtx!c,Τσαμπίκος,Γκούβελος
sofoklis.antonioy626,!bW4HpCtH7,Σοφοκλής,Αντωνίου
sumeoni.sdoykoy264,##M46MBeC8,Συμεώνη,Σδούκου
aliki.charalabidis130,9+9HJpIu^T,Αλίκη,Χαραλαμπίδης
artemios.sfakianaki849,x%j1Yx&Zzb,Αρτέμιος,Σφακιανάκη
petra.trentsioy7,@mYy)!*O*0,Πέτρα,Τρεντσίου
filareti.fragkopoylos219,yR9a)iHh*d,Φιλαρέτη,Φραγκόπουλος
glukeria.poyli906,*@&@6Cmu8@,Γλυκερία,Πουλή
sparti.galatoylas298,C^1Zzr@VG$,Σπάρτη,Γαλατούλας
puthagoras.gkikopoylos617,$1X^D@i&cY,Πυθαγόρας,Γκικόπουλος
afentra.chrusanthakopoyloy122,F%u2$V4tlN,Αφέντρα,Χρυσανθακοπούλου
zinovios.diakoymi843,bsD$2Zuut0,Ζηνόβιος,Διακουμή
adamantia.tsotsis264,+8b!jTUo%),Αδαμαντία,Τσώτσης
xenofon.sarri937,J!o0XHToYH,Ξενοφών,Σαρρή
dimokratis.charalaboys935,nXbNV3Bo!c,Δημοκράτης,Χαραλάμπους
polutimi.valkanoy17,q#N8fAUQVq,Πολυτίμη,Βαλκάνου
petros.sarantinos404,%ndZv*@YS8,Πέτρος,Σαραντινός
stergios.kalamaras93,OY)T9Un82@,Στέργιος,Καλαμάρας
timotheos.pispa947,&A7Da#)+Cg,Τιμόθεος,Πίσπα
kuveli.doykas736,&Mg2QfmdPo,Κυβέλη,Δουκάς
eugenia.katsavos587,^9+SxynkY$,Ευγενία,Κατσαβός
minas.mauroytsos384,Gjsl5%Bf@g,Μηνάς,Μαυρούτσος
nikiforos.damala830,HhI#xrbW(1,Νικηφόρος,Δαμαλά
dimitra.tsiamitas910,Uc*7QBIt$m,Δήμητρα,Τσιαμίτας
velissaria.dimtsoydi506,r2RgUdrL*g,Βελισσαρία,Δημτσούδη
filareti.dafni448,s94QFih0W%,Φιλαρέτη,Δάφνη
theano.iosifidoy110,+&Txi6LwTS,Θεανώ,Ιωσηφίδου
fokas.kostidis711,815N7yaC)3,Φωκάς,Κωστίδης
laokratis.mantaris668,V6GZ*Hf3+c,Λαοκράτης,Μαντάρης
panagiota.stamopoylos834,zubWIbDS@9,Παναγιώτα,Σταμόπουλος
asimoyla.dimtsoydi846,c1xpAhiQ@Y,Ασημούλα,Δημτσούδη
kuriaki.chronopoyloy833,u0KQLbtc!#,Κυριακή,Χρονοπούλου
christos.skribas656,Y&k3TiRn*z,Χρίστος,Σκρίμπας
akritas.manta20,&8)@tUt7kJ,Ακρίτας,Μαντά
kalomoira.papapanos151,NA1Jq_@i^l,Καλομοίρα,Παπαπανός
labrini.solomidoy363,!7V@qqlJQ0,Λαμπρινή,Σολωμίδου
salomi.sbonias290,U80ElhyI^t,Σαλώμη,Σμπονιάς
ermolaos.epsimos249,ixr)3EQgLL,Ερμόλαος,Έψιμος
valanto.vaitsopoylos907,u#2BprPh)c,Βαλάντω,Βαϊτσόπουλος
loykia.orfanidoy870,2$b1e5Hh!P,Λουκία,Ορφανίδου
theano.giannakeas953,gRM18Zui+$,Θεανώ,Γιαννακέας
siranoys.katsantonis768,*3vGa8Hgk+,Σιρανούς,Κατσαντώνης
stellios.samaras100,P!tF3Ixt_Z,Στέλλιος,Σαμαράς
christiana.sdrallis872,#fWaP+*EY3,Χριστιάνα,Σδραλλής
mayra.spiliadoy596,8#2Ve@drDs,Μαύρα,Σπηλιάδου
kuriazis.andrikopoylos852,52)6Je7jT@,Κυριαζής,Ανδρικόπουλος
dikaios.xirodima816,_(3Fl+(Rf&,Δίκαιος,Ξηροδήμα
timon.fanoyrgakis120,+jO8yMnv%K,Τίμων,Φανουργάκης
ilias.xirotyri364,%U48RojMFh,Ηλίας,Ξηροτύρη
filippa.palios78,!%_IeHbL62,Φιλίππα,Παληός
astero.tsalamandris294,)sPxNrRf7O,Αστέρω,Τσαλαμάνδρης
agapitos.botziori149,nm2EDlHx#3,Αγαπητός,Μποτζιώρη
damiani.lentzioy356,U56XBUPwT*,Δαμιανή,Λεντζίου
chloi.koykoyvinos273,^S$DNx3st4,Χλόη,Κουκουβίνος
velissarios.georgakopoyloy226,$#f3JDnoue,Βελισσάριος,Γεωργακοπούλου
aristarchos.apostolakakis265,3eUC07Cw$r,Αρίσταρχος,Αποστολακάκης
theofili.kontokostas850,9eUZ0jL4^y,Θεοφίλη,Κοντοκώστας
michalis.gkanatsios140,)4$Hh@lGwK,Μιχάλης,Γκανάτσιος
leonidas.kobolias125,D0niUvbv!L,Λεωνίδας,Κομπολιάς
promitheas.andriopoylos728,fb13WbPaf),Προμηθέας,Ανδριόπουλος
dorotheos.palioyra557,^2%+V&PkR9,Δωρόθεος,Παλιούρα
agathonikos.pandis158,1oIJutv%_H,Αγαθόνικος,Πανδής
puthagoras.kotsionopoyloy914,)FJegdXC%3,Πυθαγόρας,Κωτσιονοπούλου
paraschos.sabani174,ifLo1D3cR_,Παράσχος,Σαμπάνη
loydovikos.tziotzis217,+7HTzJci9q,Λουδοβίκος,Τζιώτζης
markella.galani56,w)@9E@kzYE,Μαρκέλλα,Γαλάνη
klutaimnistra.koyrtis109,%7AXGjFunN,Κλυταιμνήστρα,Κούρτης
foteinos.konstantas645,li+01GbV_2,Φωτεινός,Κωνσταντάς
eirinaios.gkikas14,#4ROx*eUcg,Ειρηναίος,Γκίκας
theofrastos.feizatidoy344,*CBHueFV2I,Θεόφραστος,Φειζατίδου
adamantia.karakaxis357,+sIL7GQyv0,Αδαμαντία,Καρακάξης
stamatis.christoy364,kV3NOk20z*,Σταμάτης,Χρήστου
filio.kaminari840,HYXe3L&j#4,Φιλιώ,Καμινάρη
platon.balabani724,xY1e9Ic#B!,Πλάτων,Μπαλαμπάνη
exarchos.liolios742,T#)6IIz834,Έξαρχος,Λιόλιος
faidon.alatzakis228,fR49WmuA!G,Φαίδων,Αλατζάκης
aristotelis.reppos892,p4XYFBeh%i,Αριστοτέλης,Ρέππος
markos.trika71,n7AV59Wx$%,Μάρκος,Τρίκα
theofylaktos.sidiropoyloy436,4qJyJZ!+_@,Θεοφύλακτος,Σιδηροπούλου
tilemachos.kalemi715,6cb0vuPo%6,Τηλεμαχος,Καλέμη
agathoklis.arguris684,)LpGy7sfL5,Αγαθοκλής,Αργυρής
chrysanthos.petridis237,7HR9#TuY!0,Χρύσανθος,Πετρίδης
nektaria.pitsakis625,&M82sZPg@G,Νεκταρία,Πιτσάκης
eirinaios.skarpetas282,0vOgV2Tj^7,Ειρηναίος,Σκαρπέτας
christos.pantazis450,jU$(6VPqe),Χρίστος,Πανταζής
varsamia.tsakiri14,Oo&1GvOtz4,Βαρσαμία,Τσακίρη
spuridoyla.sfyrlas554,110^UNvB+$,Σπυριδούλα,Σφύρλας
ludia.katsilli761,1_24Ia*_x*,Λυδία,Κατσιλλή
valanto.regkas136,^ED9WPkkU*,Βαλάντω,Ρέγκας
karolos.vlachonikoleas921,&n5LZV*ukt,Κάρολος,Βλαχονικολέας
praxitelis.kuriazis896,uw0TSY9s)5,Πραξιτέλης,Κυριαζής
maria.palaiologos804,%8nCs2do%N,Μαρία,Παλαιολόγος
kuveli.zavitsanoy460,N8Svmge#%7,Κυβέλη,Ζαβιτσάνου
stuliani.katsamanis355,^oNLKEseD6,Στυλιανή,Κατσαμάνης
grigorios.mastrogiannis73,yA)5S&lF55,Γρηγόριος,Μαστρογιάννης
paris.noe687,&N2&(Tij1#,Πάρις,Νώε
roybini.sfakianaki400,+1XV&FvvAn,Ρουμπίνη,Σφακιανάκη
valeria.zannikoy497,Sn3do!)W#6,Βαλέρια,Ζαννίκου
manto.michalaroy735,!9GURDUl*q,Μαντώ,Μιχαλάρου
flora.kanavos726,@)5_9&Curd,Φλώρα,Καναβός
vissaria.zonios17,RWT2eP3gL*,Βησσαρία,Ζώνιος
laurentia.daikoy481,&epV_C(L6f,Λαυρεντία,Δαΐκου
klimentini.koltsaki296,zfTiJQJ_!0,Κλημεντίνη,Κολτσάκη
euangelos.peppas77,^41bbHyZTu,Ευάγγελος,Πέππας
ploytarchos.sarri118,f7$e!AvK+m,Πλούταρχος,Σαρρή
polukratis.athanasiadi768,X6IDNUnt&R,Πολυκράτης,Αθανασιάδη
anarguros.pantos68,e7HZd16r(B,Ανάργυρος,Πάντος
agathonikos.giannakopoylos529,7^h3cA7d_O,Αγαθόνικος,Γιαννακόπουλος
eukleidis.stoyboy144,g6lN4wDwX$,Ευκλείδης,Στούμπου
stulianos.taxidoy418,%8rZXZ&(4y,Στυλιανός,Ταξίδου
poluchronia.stauridoy199,%HV12VwzD#,Πολυχρονία,Σταυρίδου
alkmini.koytsovidoy146,xV^2LXasm5,Αλκμήνη,Κουτσοβίδου
emmanoyil.kalliantasi471,%7wCdyWDml,Εμμανουήλ,Καλλιάνταση
fragkiskos.mandalos444,vo)9jEf*NG,Φραγκίσκος,Μάνδαλος
atalanti.laoyrdekis328,@V6qQLgw)J,Αταλάντη,Λαουρδέκης
vrasidas.manitaroy316,L^0x70Gamm,Βρασίδας,Μανιτάρου
themis.gavriil797,M7QiCfD_#x,Θέμης,Γαβριήλ
andronikos.filiagkoy866,&VC8GLfH4Q,Ανδρόνικος,Φιλιάγκου
loykia.tragoysti64,+3uTpdkR&l,Λουκία,Τραγούστη
rachil.mazarakis563,#6kZ0O2DEf,Ραχήλ,Μαζαράκης
eustratia.goyla925,H#CjZ3JgU%,Ευστρατία,Γούλα
stamatina.bika335,Lm#8zJcp4a,Σταματίνα,Μπίκα
tilemachos.baltagiannis757,+ee3N4gkb7,Τηλέμαχος,Μπαλταγιάννης
euripidis.doylgeraki629,%NbY9u^oj7,Ευριπίδης,Δουλγεράκη
lito.markantonaki241,*&o$BZXbS3,Λητώ,Μαρκαντωνάκη
andromachi.loylakis245,#0OvuMv$lj,Ανδρομάχη,Λουλάκης
valeria.petridoy411,+7TqSToo%#,Βαλέρια,Πετρίδου
rallia.bofos377,1^pvy!2bAA,Ραλλία,Μποφός
panormitis.koytsikos47,8l6PSENxF*,Πανορμίτης,Κούτσικος
epameinondas.vosinaki103,!#Ak4qAtSO,Επαμεινώνδας,Βοσινάκη
thomais.kravvaritis857,%V8hAkYa4+,Θωμαίς,Κραββαρίτης
rizos.kazanopoylos779,uK1LoK%zQ#,Ρίζος,Καζανόπουλος
eustratia.giatromanolakis336,K4)EQ)uG$7,Ευστρατία,Γιατρομανωλάκης
karuofullia.karananoy910,5z(JAKSg)Z,Καρυοφυλλιά,Καρανάνου
kassandra.grigoriadoy333,*4d&Ojb__v,Κασσάνδρα,Γρηγοριάδου
amalia.miliaki888,M@Ui$UHz^9,Αμαλία,Μηλιάκη
dialekti.porichis813,$1bOiqihe_,Διαλεκτή,Πορίχης
kyros.voytsas850,+6Oz$6OeuT,Κύρος,Βουτσάς
karolos.anastasaki288,RBqb6Lah#Z,Κάρολος,Αναστασάκη
vyron.mousidoy235,*1t_PGeQ%^,Βύρων,Μωυσίδου
siranoys.karanis17,cvM_5Ll$zD,Σιρανούς,Καράνης
karuofullia.karakurioy112,%$s$GO%hG8,Καρυοφυλλιά,Καρακυρίου
poluniki.boneli447,_u$1oWp*B(,Πολυνίκη,Μπονέλη
giasemi.petrosian117,&N@lF6Hwkk,Γιασεμή,Πετροσιάν
charitos.drakoyli345,%0HsVnc2*0,Χαρίτος,Δρακουλή
pelopidas.zoi111,Z5!73!Rk*x,Πελοπίδας,Ζώη
adam.varsos983,W08YEEYo^%,Αδάμ,Βάρσος
kleomenis.milioris831,5#@6uJYra9,Κλεομένης,Μηλιώρης
timoleon.makris766,%33OlBw6mb,Τιμολέων,Μακρής
foteinos.mauroydis560,&7URx9$LvK,Φωτεινός,Μαυρουδής
stulianos.abatzianis117,$)+WK$HR0x,Στυλιανός,Αμπατζιάνης
thekla.nantsoy958,876YOAgY&^,Θέκλα,Νάντσου
konstantina.theodorikakos328,+CDt2%l67I,Κωνσταντίνα,Θεοδωρικάκος
kokkona.botsolis851,#r!8NoblNv,Κοκκώνα,Μποτσώλης
dimitris.chondroydi287,0dJ&hdDq&9,Δημήτρης,Χονδρούδη
agathangelos.tsomokos210,RjXQ6Pdu%^,Αγαθάγγελος,Τσομώκος
vagia.tsachaki411,vqrCID#N%6,Βάγια,Τσαχάκη
elli.kurgia238,+U_1JqZe1(,Έλλη,Κυργιά
filomila.zarafetas250,Gd9TUYvE(C,Φιλομήλα,Ζαραφέτας
vasilis.balanika870,Q5KOpomz@0,Βασίλης,Μπαλανίκα
nikoleta.tsachaki118,W@Ry2GBkYX,Νικολέτα,Τσαχάκη
eugenios.poluchronis359,(4Hcq)g6Ag,Ευγένιος,Πολυχρόνης
rigas.kasoytsas456,$4D3xJgs!s,Ρήγας,Κασούτσας
athanasios.trika963,W#oi2F1gZt,Αθανάσιος,Τρίκα
damaskini.karamanli101,scVyOvkQ+7,Δαμασκηνή,Καραμανλή
rallia.stamatiadis386,$gQJSERZ7J,Ραλλία,Σταματιάδης
garufallia.poluchronopoylos788,P9Rn8Z*t&(,Γαρυφαλλιά,Πολυχρονόπουλος
marinos.sarros188,N&+d6SkmDD,Μαρίνος,Σαρρός
avraam.bliatsioy623,Yg_91$Oju&,Αβραάμ,Μπλιατσίου
savvas.plataki633,@CKf8Ue_D0,Σάββας,Πλατάκη
nikitas.antonioy414,v4!*3Hkf%(,Νικήτας,Αντωνίου
eumorfia.papanikolaoy599,)Ag8d4Aw@I,Ευμορφία,Παπανικολάου
irakleia.christogianni694,)1^cEEQwCt,Ηράκλεια,Χριστογιάννη
christos.sidiropoylos114,%JVHMVPn^5,Χρήστος,Σιδηρόπουλος
thalis.spanochristodoyloy994,x8BKI&Hk+G,Θαλής,Σπανοχριστοδούλου
aristotelis.poluchronis217,f^38G4q3%d,Αριστοτέλης,Πολυχρόνης
pierrina.stulianidoy430,L@0c4BdOG+,Πιερρίνα,Στυλιανίδου
chrusoyla.sypsa518,bgIgEEVG$2,Χρυσούλα,Σύψα
mikes.vairamidoy41,@*!RLb@iR6,Μικές,Βαϊραμίδου
loykia.michos869,6vys5Iwn$V,Λουκία,Μίχος
chrusostomos.kuriakoyli718,#aRCl8VqlF,Χρυσόστομος,Κυριακούλη
sozoysa.zeugitis178,_7RtlS0WoC,Σωζούσα,Ζευγίτης
kleopas.danelis442,Sf2DU1WmJ$,Κλεόπας,Δανελής
othon.karabas65,@j9ZCymaru,Όθων,Καράμπας
eugenios.chatzifoti521,$8YzOnCg@9,Ευγένιος,Χατζηφώτη
georgios.violatos988,!PupQgluS2,Γεώργιος,Βιολάτος
magdalini.psaltis941,%69+DMiwZs,Μαγδαληνή,Ψάλτης
menelaos.galatoylas140,(QLQg4Au3q,Μενέλαος,Γαλατούλας
theodosios.doykas392,q+4O$IdGF(,Θεοδόσιος,Δουκάς
panagiota.toyrna536,&6EJyL&2$v,Παναγιώτα,Τουρνά
ippolyti.lytra295,v5ZhnTqC+Y,Ιππολύτη,Λύτρα
krinio.koytsikopoylos191,@Ra_2Ngdt0,Κρινιώ,Κουτσικόπουλος
sapfo.konstantinidoy211,I+CO7RoS#),Σαπφώ,Κωνσταντινίδου
christina.lianakis262,_2hTpfAx6!,Χριστίνα,Λιανάκης
maria.karaoglani938,#Ns7OLKm3z,Μαρία,Καραογλάνη
amvrosia.xugkakoy725,8&&dJ5ZkU!,Αμβροσία,Ξυγκάκου
timothea.bafiti143,tp&C7Ueu_*,Τιμοθέα,Μπαφίτη
serafeim.koytsoyras917,M@84ZbfyM7,Σεραφείμ,Κουτσούρας
michail.koytsogiannis772,#w1xMa*ERH,Μιχαήλ,Κουτσογιάννης
violeta.koytsikopoylos462,e3NADEbU+y,Βιολέτα,Κουτσικόπουλος
isidoros.martzoykoy508,!)5XLiae7d,Ισίδωρος,Μαρτζούκου
vagiani.terzidis594,O78oZHli)c,Βαγιανή,Τερζίδης
praxitelis.kontogianni696,*8(MIm)qd6,Πραξιτέλης,Κοντογιάννη
alkiviadis.maragkos942,gr*4sWfd$w,Αλκιβιάδης,Μαραγκός
ionas.toloydis52,Mc5XNGa!(7,Ιωνάς,Τολούδης
pelagia.giotakis493,+Ai3OwPVd4,Πελαγία,Γιωτάκης
artemisia.kakosaios537,)W23INTq3W,Αρτεμισία,Κακοσαίος
xanthippi.avagianos146,(&cmtgEg32,Ξανθίππη,Αβαγιανός
dimitris.zavitsanoy488,nAX_2bVs#B,Δημήτρης,Ζαβιτσάνου
aristea.antonioy576,$)7k5RcC&3,Αριστέα,Αντωνίου
stellios.dimopoyloy362,j9XU@uf9@P,Στέλλιος,Δημοπούλου
poylia.vassis819,82vWf3Vp$$,Πούλια,Βάσσης
damianos.feizatidoy242,RB6WtivH^V,Δαμιανός,Φειζατίδου
timothea.spiliotis64,t(4cpnPrlQ,Τιμοθέα,Σπηλιώτης
ira.papapanos365,#m7FG*0Os$,Ήρα,Παπαπανός
varsamos.bozikis134,z^3ZyFgrK9,Βαρσάμος,Μποζίκης
sevastiani.langoysis232,)sJ5TJj@D_,Σεβαστιανή,Λαγγούσης
lazaros.sevdas833,(2r_NRom#Q,Λάζαρος,Σεβδάς
taxiarchos.kellaris295,5tYQCg%J*Q,Ταξίαρχος,Κελλάρης
agapi.mitridis44,Ej%6MMFtLZ,Αγάπη,Μητρίδης
violeta.kuriakopoyloy837,m7JOZnkx^s,Βιολέτα,Κυριακοπούλου
uvonni.koytoyzidoy43,Qp+4EVeq)n,Υβόννη,Κουτουζίδου
kuratsa.samakidis892,mw57#FNbD&,Κυράτσα,Σαμακίδης
panagiotis.fokas811,^k7KRO_lQC,Παναγιώτης,Φωκάς
magdalinos.skremmyda50,S@s6Uk_Jk$,Μαγδαληνός,Σκρεμμύδα
amvrosia.tsikni958,ma55Pt8i5!,Αμβροσία,Τσικνή
achilleia.vasileioy698,!^8G0&Wr1d,Αχιλλεία,Βασιλείου
polydora.malimi644,_3elHOpQ@D,Πολύδωρα,Μαλίμη
aris.chatzi6,#9ZIU8_nc&,Άρης,Χατζή
kuriakos.rokas653,n4LHvbtM!0,Κυριάκος,Ρόκας
eustathia.avramidoy760,@BQpLOci11,Ευσταθία,Αβραμίδου
anthoylis.pantos426,DQ4HXe@c$!,Ανθούλης,Πάντος
kallirroi.komkoydis524,Ap#plLxy*3,Καλλιρρόη,Κομκούδης
leonidas.sarafidis311,Y#7NPuTkdp,Λεωνίδας,Σαραφίδης
marianthi.mantaris553,c0!HEG5e%&,Μαριάνθη,Μαντάρης
platon.kremmydas624,c)0QGXVp72,Πλάτων,Κρεμμύδας
malamati.giannakoydaki610,!ntxPH5v5y,Μαλαμάτη,Γιαννακουδάκη
ieremias.boyloykos895,#9Q%SDww3M,Ιερεμίας,Μπουλούκος
charitos.konstantopoyloy350,THf$X6Ox!%,Χαρίτος,Κωνσταντοπούλου
themistokleia.lugkoyras260,Mf2i8Wn0D@,Θεμιστόκλεια,Λυγκούρας
nikon.spuridaki854,7+t0AJn3!1,Νίκων,Σπυριδάκη
astero.angeloysopoyloy880,%Ll4Rs9d5_,Αστέρω,Αγγελουσοπούλου
iordania.fragkopoylos804,!T0C8i^Ad#,Ιορδανία,Φραγκόπουλος
emmanoyil.asoychidoy918,v5gcD##h+L,Εμμανουήλ,Ασουχίδου
zacharias.rentzos47,_2W_IJJvBw,Ζαχαρίας,Ρέντζος
martinos.giotakis115,qJH(&2Vo^s,Μαρτίνος,Γιωτάκης
tsabika.kostoylas649,#@0QJ&s51F,Τσαμπίκα,Κωστούλας
freiderikos.georgakopoyloy207,fPCC^0QifY,Φρειδερίκος,Γεωργακοπούλου
loykia.tzinieris57,!I&Co1J1c3,Λουκία,Τζινιέρης
stamatis.papoydis555,!*6HbdJ_B%,Σταμάτης,Παπουδής
triantafullia.moyselimis231,%mt)!WmV2#,Τριανταφυλλιά,Μουσελίμης
eutuchia.tzevelekos770,^x&6FACcA(,Ευτυχία,Τζεβελέκος
dimitrios.makrugiannis239,DmQ5FsD(a^,Δημήτριος,Μακρυγιάννης
malamatenia.tsegas411,$tK34GbrWR,Μαλαματένια,Τσέγας
nearchos.giannelos172,1t8FtxTo+_,Νέαρχος,Γιαννέλος
errikos.dimitriadoy57,(5WvQUja36,Ερρίκος,Δημητριάδου
marigo.tsagliotis284,%7b2KCt$xT,Μαριγώ,Τσαγλιώτης
apostolos.tavernarakis607,uxPBk^jn^8,Απόστολος,Ταβερναράκης
virginia.tsotras306,C()3IYWmFP,Βιργινία,Τσότρας
iosifina.zareifopoyloy67,*8wRsZ9LK),Ιωσηφίνα,Ζαρειφοπούλου
klearchos.mitsoy594,@R4RUrsLZR,Κλέαρχος,Μήτσου
euthymios.spasegkoy246,8XOUB(Cx@C,Ευθύμιος,Σπασέγκου
dominikos.marras484,Y)Uq29@l_O,Δομήνικος,Μάρρας
ananias.koyvas937,a^3&&xSd4P,Ανανίας,Κουβάς
metaxia.geroyki367,!6t8yvVz0B,Μεταξία,Γερούκη
veroniki.loyboytskoy563,oD8#0jqJ5!,Βερονίκη,Λουμπούτσκου
kleomenis.toylaki958,HcIL_9Lmrc,Κλεομένης,Τουλάκη
alexios.stathopoylos632,5d#6nIsc_t,Αλέξιος,Σταθόπουλος
stefania.loyboytskoy874,%wbCjkWr5W,Στεφανία,Λουμπούτσκου
filomila.kubaris407,*7oC7)eg)A,Φιλομήλα,Κυμπάρης
miltiadis.goyrgoylis133,**Anqq^X1B,Μιλτιάδης,Γουργουλής
niki.mandros407,+ZI8gKm!FD,Νίκη,Μάνδρος
eykleia.ntziavida166,%KDXxjipF2,Εύκλεια,Ντζιαβίδα
athanasios.fasataki263,!UccMZf5s0,Αθανάσιος,Φασατάκη
eumenios.kuriakoyli189,hvwGKVo^_8,Ευμένιος,Κυριακούλη
frixos.paraskeua514,)2@PIxon*s,Φρίξος,Παρασκευά
io.masika59,)7P!Ha)1k4,Ηώ,Μασίκα
antigonos.zacharioy817,6i7vRrLbt),Αντίγονος,Ζαχαρίου
charilaos.tsalamandris997,K^3joIMdMb,Χαρίλαος,Τσαλαμάνδρης
achilleia.perdikis121,C!4oVPp#m2,Αχιλλεία,Περδίκης
odysseia.charteros535,+4TE0uNTJ0,Οδύσσεια,Χαρτερός
vlasia.tsoyra694,n5wTp+Ti@q,Βλασία,Τσούρα
matthaios.koyrkoytas752,Usa1GhaA_9,Ματθαίος,Κουρκουτάς
grammatiki.sioyta900,4^9m9QVxF*,Γραμματική,Σιούτα
taxiarchos.tzoyvelis16,6wOL#e@z&5,Ταξίαρχος,Τζουβέλης
fevronia.maraki456,P29xIbRtS*,Φεβρωνία,Μαράκη
theologia.koylaoysari147,TQYlA!yc(4,Θεολογία,Κουλαουσάρη
akritas.tsanaka187,O3mfN%#j(1,Ακρίτας,Τσανάκα
eusevios.koyloyriotis304,B2H+6ZrGD#,Ευσέβιος,Κουλουριώτης
nikitia.gkiritzioni173,#@zWj@^BM2,Νικητία,Γκιριτζιώνη
asterios.ferentinos89,6eN7G3nm)#,Αστέριος,Φερεντίνος
leonidas.gentimis832,^6MavHhO#Z,Λεωνίδας,Γεντίμης
daniil.zareifopoyloy930,@gd*FehY9h,Δανιήλ,Ζαρειφοπούλου
neofutos.christogianni996,%Qb0JVYzA),Νεόφυτος,Χριστογιάννη
fanoyrios.tzavellas150,q)f(4cGfTi,Φανούριος,Τζαβέλλας
eusevios.katsantonis397,R$(PUlYa&7,Ευσέβιος,Κατσαντώνης
zinovia.andreanidis914,$2p&Y)fbR3,Ζηνοβία,Ανδρεανίδης
vasilis.margariti56,Tb0XI8yv)1,Βασίλης,Μαργαρίτη
akritas.koytchias946,t5jFGm@p^0,Ακρίτας,Κουτχιάς
paraskeuas.stauridoy755,*lSoiXGO@4,Παρασκευάς,Σταυρίδου
nefeli.dovas748,g&PL27toCP,Νεφέλη,Δόβας
akritas.rokas309,aa#1VDxyZT,Ακρίτας,Ρόκας
anagnostis.dauid7,fS6@FVyKk@,Αναγνώστης,Δαυίδ
salomi.vavoyrakis777,b1&VtMOU&E,Σαλώμη,Βαβουράκης
themis.ververidoy122,#9nYmoaf0n,Θέμης,Βερβερίδου
asterios.alexandropoylos801,)%C8Z#fXi(,Αστέριος,Αλεξανδρόπουλος
karolos.leledakis666,_EW@3XLiBV,Κάρολος,Λελεδάκης
athanasia.petridis938,mF@5bQNz^*,Αθανασία,Πετρίδης
sevasti.ntanoy237,AvsC!w%r)3,Σεβαστή,Ντάνου
terpsichori.karakurioy636,4mxKd9Fz!Q,Τερψιχόρη,Καρακυρίου
astero.sypsa600,5#FVIcYy#(,Αστέρω,Σύψα
pindaros.lithoxoidis595,u95QPiqrl@,Πίνδαρος,Λιθοξοΐδης
kassandra.pankidoy376,*XYxgW&In3,Κασσάνδρα,Πανκίδου
efraim.mitsopoylos99,!0I)XPm4*m,Εφραίμ,Μητσόπουλος
marinos.stathopoylos277,J4v(3Xn43H,Μαρίνος,Σταθόπουλος
soymela.roditoy751,*LO+8Plakl,Σουμέλα,Ροδίτου
taxiarchos.tzekos393,Q0BAggwP@x,Ταξίαρχος,Τζέκος
ioakeim.iosifidis41,#aDDQYLHc5,Ιωακείμ,Ιωσηφίδης
dominikos.makrugiannis486,YR@2M_Tmvi,Δομήνικος,Μακρυγιάννης
kostas.skaventzoy348,SAh#6FDaQr,Κώστας,Σκαβέντζου
stella.chatziaras587,gJmiCsLk%6,Στέλλα,Χατζιάρας
nektarios.skarlatos629,+(a6Ok&DAU,Νεκτάριος,Σκαρλάτος
eya.mitropoyloy545,#rs2K37j!8,Εύα,Μητροπούλου
roxani.andrikopoylos918,t#7VCf0oOz,Ρωξάνη,Ανδρικόπουλος
foivi.eleutherioy310,iwW51Ho!^1,Φοίβη,Ελευθερίου
adam.koytsoybei669,$_y%3%TqTi,Αδάμ,Κουτσούμπεη
dido.tsetoy697,*Zkm5xXfi$,Διδώ,Τσέτου
salomi.lalas970,N9EVICIb*4,Σαλώμη,Λάλας
thalis.vachoythianakis933,P@az2A(hpb,Θαλής,Βαχουθιανάκης
chrusaugi.varsos413,+f5DeIc0$+,Χρυσαυγή,Βάρσος
aristos.triftanidoy738,Hfc@L9LxnR,Άριστος,Τριφτανίδου
savvas.kaliabos215,#@ESer0rS0,Σάββας,Καλιάμπος
paris.asoychidoy734,O&WRjdhN@6,Πάρις,Ασουχίδου
aristovoylos.sakellarioy488,x7Y85JEe@E,Αριστόβουλος,Σακελλαρίου
theodosia.zafeiri980,f%Z2V2EM+c,Θεοδοσία,Ζαφείρη
eurudiki.kremmydas601,MO4Ibsqz@$,Ευρυδίκη,Κρεμμύδας
ippolutos.karamanos596,Y*e1Bpskdk,Ιππόλυτος,Καραμάνος
afentra.droylias769,d_G1WkPu#K,Αφέντρα,Δρουλιάς
pinelopi.futili891,W^D7nU(s1i,Πηνελόπη,Φυτιλή
sevastiani.karabi176,%9UI)e2nRb,Σεβαστιανή,Καράμπη
alkiviadis.sevastoy579,l9ZUJ3Ma#x,Αλκιβιάδης,Σεβαστού
konstantina.feizatidoy896,tX5K*Oqq)%,Κωνσταντίνα,Φειζατίδου
matroni.smardas737,G*4Y4WoYl*,Ματρώνη,Σμαρδάς
rachil.drosoy447,J4JCSKjJ*9,Ραχήλ,Δρόσου
pelagia.koyklatzis579,5QGI(FvS)7,Πελαγία,Κουκλατζής
faidon.kapoyrnioti812,*IoPf@JfD0,Φαίδων,Καπουρνιώτη
dimitrios.konstantinidis370,!foCY)^E_9,Δημήτριος,Κωνσταντινίδης
mauroeidis.saoylidis250,!9CQJkI*J7,Μαυροειδής,Σαουλίδης
timotheos.byroy690,%1YpQzngRf,Τιμόθεος,Μπύρου
stella.georgakopoylos652,Q9AuHk0t_f,Στέλλα,Γεωργακόπουλος
menelaos.koyrloy130,$922J3FiH^,Μενέλαος,Κουρλού
angeliki.smardas872,ho9QBWk#(*,Αγγελική,Σμαρδάς
kudonia.kolovos941,*xKb2#_gv2,Κυδωνία,Κολοβός
dido.stauropoylos489,H0j3Cftf@4,Διδώ,Σταυρόπουλος
rodokleia.geroyki676,)4Sf82Mo&b,Ροδόκλεια,Γερούκη
erato.psuchias892,$O$eA@Cg#7,Ερατώ,Ψυχιάς
anarguri.marras637,*!5LLehuz8,Ανάργυρη,Μάρρας
zacharoyla.dandanidoy284,1Ou@9Pc)%D,Ζαχαρούλα,Δανδανίδου
prokopios.spanochristodoyloy381,zEwHfjd%*5,Προκόπιος,Σπανοχριστοδούλου
stefanos.kontos801,s$x61LqtxF,Στέφανος,Κοντός
anthoyla.fotakopoyloy688,t0eooDY0+a,Ανθούλα,Φωτακοπούλου
rea.selinopoyloy358,1roUNveF!G,Ρέα,Σελινοπούλου
aretha.derlopa910,$7lSJREv+t,Αρέθα,Δερλώπα
dimitra.driva9,WGj2OTqhf!,Δήμητρα,Δρίβα
stulianos.tsiknias776,%Zr1PbUaE@,Στυλιανός,Τσικνιάς
pelagia.georgitsi871,#)Gh&4MiI^,Πελαγία,Γεωργίτση
errikos.rodis594,cd0It6yP3%,Ερρίκος,Ρόδης
afentra.matentsidoy268,Z&6^LCvt%4,Αφέντρα,Ματεντσίδου
drosia.aslanidoy522,EIQ%V3Pyu),Δροσιά,Ασλανίδου
charilaos.kolokathis742,))4UQe&izv,Χαρίλαος,Κολοκάθης
asimis.argurioy275,9_0DZK_f3r,Ασημής,Αργυρίου
akrivi.tsamtsoyri855,@TO!0y*t$2,Ακριβή,Τσαμτσούρη
despoina.loypasakis126,%gHK)C+Xf0,Δέσποινα,Λουπασάκης
pantazis.doyvropoylos701,D5go_Cuw@8,Πανταζής,Δουβρόπουλος
minerva.rautopoyloy586,v7^1PExijD,Μινέρβα,Ραυτοπούλου
vladimiros.ntanola977,($B_XyDd9E,Βλαδίμηρος,Ντανώλα
galini.kritselis388,+S%S(NeU4P,Γαλήνη,Κριτσέλης
methodios.belekoy717,kD*sbo56^0,Μεθόδιος,Μπελέκου
solomon.voylgaridoy601,^Kxu3NaJ%6,Σολομών,Βουλγαρίδου
selini.topali262,6WsV^RzY)5,Σελήνη,Τοπαλή
milia.konstantinidis488,%4NW8epbxz,Μηλιά,Κωνσταντινίδης
diogenis.milioris30,(7(ED)jIQq,Διογένης,Μηλιώρης
giolanta.manitaroy639,co2Yy7J%u(,Γιολάντα,Μανιτάρου
marilena.eutaxias75,K3_J%JfU(v,Μαριλένα,Ευταξιάς
aias.karkaletsi9,&*X9AWxj(I,Αίας,Καρκαλέτση
melpomeni.kuriakopoyloy265,@MVqp1Hk14,Μελπομένη,Κυριακοπούλου
pelopidas.kleinaki913,$28#MAluK7,Πελοπίδας,Κλεινάκη
siranoys.dosis276,*jU5amKzv6,Σιρανούς,Δόσης
florentia.tsiobani644,4Ub2AruL!^,Φλωρεντία,Τσιομπάνη
stefanos.braesa611,e)P3^FF)Jw,Στέφανος,Μπραέσα
veatriki.choychoylis21,_6BwAe2Dqq,Βεατρίκη,Χουχουλής
ippolutos.athanasakis805,+d^GDLUz!2,Ιππόλυτος,Αθανασάκης
erotokritos.vlisaroylis324,NN18JufY$o,Ερωτόκριτος,Βλησαρούλης
despoina.adamopoylos551,_36xY77&qB,Δέσποινα,Αδαμόπουλος
athanasios.argurioy496,J&3U3YVe6C,Αθανάσιος,Αργυρίου
valerios.voytsina312,T2$g9IwgL%,Βαλέριος,Βουτσινά
maria.topali926,Vbj7XKDcw%,Μαρία,Τοπαλή
grammatiki.grammatikopoylos145,t!8K4!fMAq,Γραμματική,Γραμματικόπουλος
rachil.karabina940,)VXZ5Mc72X,Ραχήλ,Καραμπίνα
sevastiani.sidiropoyloy302,M6N$n)V9(&,Σεβαστιανή,Σιδηροπούλου
gavriil.gkinis33,@1n3GAs2PL,Γαβριήλ,Γκίνης
meletia.vasilaki655,RvX(G&O5i+,Μελέτια,Βασιλάκη
diamantis.apostolakakis996,3qL^QJr%#s,Διαμαντής,Αποστολακάκης
kallinikos.koytsogiannis49,%@m1EdB6G_,Καλλίνικος,Κουτσογιάννης
laskarina.lioytas344,#4&DFzIm_d,Λασκαρίνα,Λιούτας
pantelia.tzavellas988,#qAzgvwF%0,Παντελία,Τζαβέλλας
ioanna.patsoyras623,zhzJ0KJb1@,Ιωάννα,Πατσούρας
menelaos.moytoysidis815,VXa2vTw7@x,Μενέλαος,Μουτουσίδης
kleopas.pantzartzidis736,QIg1nMey^D,Κλεόπας,Παντζαρτζίδης
charitos.parganas77,^1CUyMQibC,Χαρίτος,Παργανάς
erasmia.aetopoylos902,rw5F2Kh81$,Ερασμία,Αετόπουλος
kimon.katsimani585,!riaDJ6L52,Κίμων,Κατσιμάνη
viktoria.antoneas299,%&g6AZrtpB,Βικτόρια,Αντωνέας
gerasimos.sumeonidoy26,@AZ1iH&cL%,Γεράσιμος,Συμεωνίδου
pindaros.argurioy412,tazZ^POt&8,Πίνδαρος,Αργυρίου
agathonikos.paulaki866,aeLl0EFm_9,Αγαθόνικος,Παυλάκη
kassandra.katsoyla522,(7e6ExJn8_,Κασσάνδρα,Κατσούλα
meletios.mazarakis9,eKL9D_Hq+L,Μελέτιος,Μαζαράκης
eufrosyni.bakostergioy681,^0BKg2zuS%,Ευφροσύνη,Μπακοστεργίου
antonia.michalaroy235,SS40HYbJh%,Αντωνία,Μιχαλάρου
varsamia.chorozi937,0bueUTnI@+,Βαρσαμία,Χορόζη
christian.katsilli247,Jy1BFE3k%T,Χριστιάν,Κατσιλλή
tilemachos.kokkinidoy790,zZ6YoMfD%k,Τηλέμαχος,Κοκκινίδου
athinodoros.apostolidoy805,a0O9Xkidz),Αθηνόδωρος,Αποστολίδου
faidon.valkanoy807,sTH8Vkih1+,Φαίδων,Βαλκάνου
koralia.lakkas715,*8P97SI_9w,Κοραλία,Λάκκας
kleovoylos.katsogiannis143,*hT%J2ihg4,Κλεόβουλος,Κατσογιάννης
amvrosia.aslanidoy375,+Q72MEyx$3,Αμβροσία,Ασλανίδου
puthagoras.pitsolis715,^3zI!&vyIn,Πυθαγόρας,Πιτσολής
venetios.dovas464,fpW!6XtmNe,Βενέτιος,Δόβας
efraim.ketesidoy409,$NPQx8P&0d,Εφραίμ,Κετεσίδου
theoklitos.kaliabos549,EM+X3RbpQ9,Θεόκλητος,Καλιάμπος
varsamia.loyboytskoy577,C&2cFbqdWD,Βαρσαμία,Λουμπούτσκου
nektarios.vairamidoy965,8_1TjCdcH@,Νεκτάριος,Βαϊραμίδου
paschalis.gkoyvelos60,_pI4Yh6tAB,Πασχάλης,Γκούβελος
panagia.eutaxias567,uh1FE@Lp*Q,Παναγία,Ευταξιάς
apostolos.tziotzis748,F5GDhFqQ!J,Απόστολος,Τζιώτζης
chloi.manoyselis669,mE2T1vlmJ@,Χλόη,Μανουσέλης
koralia.tamiolakis233,16Z^I1Br@w,Κοραλία,Ταμιωλάκης
ifigeneia.leledakis583,@Kg9Tsiz8L,Ιφιγένεια,Λελεδάκης
amfithea.papastergioy711,hpG53Ol%A),Αμφιθέα,Παπαστεργίου
eugenia.fotiadoy821,#321hWpoC$,Ευγενία,Φωτιάδου
krinio.axiotis367,Hn1$Z%D*8+,Κρινιώ,Αξιώτης
malvina.radovalis765,(L$H09Eae@,Μαλβίνα,Ραδοβάλης
arguro.plakotaris416,#y&@zFMI9Z,Αργυρώ,Πλακωτάρης
eulabia.miliadoy256,)Dc+9Iaun@,Ευλαμπία,Μηλιάδου
galatios.kostalis824,KBM0Qxo@_$,Γαλάτιος,Κωσταλής
ananias.ronga523,l2Mz5*ZnX_,Ανανίας,Ρόγγα
dimokritos.makrugiannis610,C%f51D$9$z,Δημόκριτος,Μακρυγιάννης
revekka.matentsidoy254,h1qzfQdn#S,Ρεβέκκα,Ματεντσίδου
thomas.gkikas235,$1ULTbuTRs,Θωμάς,Γκίκας
eirinaios.grammatikopoylos382,*^wQujOGZ1,Ειρηναίος,Γραμματικόπουλος
doykissa.vlachoy7,)2IAkfm092,Δούκισσα,Βλάχου
emmanoyela.fokas929,3^^6KLga#0,Εμμανουέλα,Φωκάς
sapfo.emmanoyil997,j(4vxAxXVL,Σαπφώ,Εμμανουήλ
moscha.atsalaki177,OFH8Lm8tU^,Μόσχα,Ατσαλάκη
krustallis.karolidoy383,@H&mAwfso8,Κρυστάλλης,Καρολίδου
davidoyla.giannara839,P$7Kx^ZF(A,Δαβιδούλα,Γιανναρά
anastasios.tsamaslidis720,aKP+Tbk(+8,Αναστάσιος,Τσαμασλίδης
rallia.darsakli2,+oNN4Uaq^4,Ραλλία,Δαρσακλή
rodokleia.iakovakis24,$MYxIGgc1r,Ροδόκλεια,Ιακωβάκης
xenofon.assargiotaki826,aAiGGW2m&0,Ξενοφών,Ασσαργιωτάκη
neokleia.vaitsopoylos157,_GkErP1_0m,Νεόκλεια,Βαϊτσόπουλος
dominikos.apostolaki707,1E)u5!!a#t,Δομήνικος,Αποστολάκη
ion.mina705,pjF2RNa6$@,Ίων,Μηνά
zacharoyla.katsavos499,$gAuRXVs44,Ζαχαρούλα,Κατσαβός
rodanthi.sarikas418,er#4J)(##@,Ροδάνθη,Σαρίκας
eykleia.chrusafi557,#w5U^#aHO0,Εύκλεια,Χρυσάφη
velissaria.balanika658,$3AZRBxmsX,Βελισσαρία,Μπαλανίκα
ntaizi.piperigkos356,IPC7N0mqF&,Νταίζη,Πιπερίγκος
athina.karathanasi706,*1CrAKlTOE,Αθηνά,Καραθανάση
margietta.kesisi22,E^1G4nCdoJ,Μαργιέττα,Κεσίση
florina.salichos89,@E79DhqRDp,Φλωρίνα,Σαλίχος
prokopios.passalidis808,sie&i3We++,Προκόπιος,Πασσαλίδης
platon.mousidoy949,Ef)8YZFJd_,Πλάτων,Μωυσίδου
meletia.rafios952,o$04Ar&MdM,Μελέτια,Ραφιός
samoyil.chatzicharistoy151,nQ$8gHwed!,Σαμουήλ,Χατζηχαρίστου
fanoyrios.doykidoy274,8l$G8LrS+b,Φανούριος,Δουκίδου
theano.fasoyli147,UZ7D&*ixH$,Θεανώ,Φασουλή
agisilaos.manikas401,8T9P8Xz$@h,Αγησίλαος,Μανίκας
eustathia.pantzekos250,ly09Em&xu$,Ευσταθία,Παντζέκος
stauroyla.kostoylas393,&#67YCIrb),Σταυρούλα,Κωστούλας
dimokratis.vandoros942,D*4XAe#u(6,Δημοκράτης,Βανδώρος
persefoni.skarpetas688,CI9M1m4qO@,Περσεφόνη,Σκαρπέτας
sergios.kollia225,l@+2VtQk(s,Σέργιος,Κόλλια
archimidis.mitsopoyloy925,a1GpGb9j_8,Αρχιμήδης,Μητσοπούλου
violeta.kapnia559,&qI0Lqw)(4,Βιολέτα,Καπνιά
leoni.paulaki159,c11XodHp$7,Λεώνη,Παυλάκη
pagona.spasopoylos660,%7CixMe_%G,Παγώνα,Σπασόπουλος
olybia.kioridoy467,38Kg*&Ne)g,Ολύμπια,Κιορίδου
aimilianos.tsigaridas232,o^8TkORvO%,Αιμιλιανός,Τσιγαρίδας
eykleia.drakakis23,Ju)17YMq)8,Εύκλεια,Δρακάκης
agni.pantos537,AS_0F(tcb!,Αγνή,Πάντος
faidon.skordos47,@CK43Tz*Z5,Φαίδων,Σκόρδος
nikitia.perpinias745,*FzEx6&82U,Νικητία,Περπινιάς
rodia.maraki144,G+7NBfOc#T,Ροδιά,Μαράκη
eleutherios.roditoy879,R1S3LiLg*x,Ελευθέριος,Ροδίτου
koralia.konidaris312,9DS3M1gU*^,Κοραλία,Κονιδάρης
krustallis.zeglina816,!1JXEka35j,Κρυστάλλης,Ζεγλίνα
ioylios.giannes37,%AAEEsDwB1,Ιούλιος,Γιαννές
sofronia.maurogonatos231,C9qLSYNv*H,Σωφρονία,Μαυρογονάτος
valentinos.kurkoydi235,rbnRVNDy@3,Βαλεντίνος,Κυρκούδη
kalupso.stauropoylos885,9@4iaCunk%,Καλυψώ,Σταυρόπουλος
georgia.kapoynis76,!6YP!KQwpo,Γεωργία,Καπούνης
pyrros.moschopoylos385,Lu1eA+KQe),Πύρρος,Μοσχόπουλος
sozon.karakonstantinoy480,_8M9Sf3c_E,Σώζων,Καρακωνσταντινού
kalliopi.kostopoylos418,4S!Ub%FB$y,Καλλιόπη,Κωστόπουλος
logothetis.georgakopoylos790,Uk0OUALF!!,Λογοθέτης,Γεωργακόπουλος
eleutheria.pantzartzidis368,$L*3OwOmI!,Ελευθερία,Παντζαρτζίδης
gerasimoyla.koytsogiannopoylos784,6E_7MKf+bi,Γερασιμούλα,Κουτσογιάννόπουλος
achilleia.mammis965,HO3Ml7YRv&,Αχιλλεία,Μαμμής
michaela.roditoy51,^7jBO9m(No,Μιχαέλα,Ροδίτου
kallirroi.chrusikos718,2#n7vFb2z$,Καλλιρρόη,Χρυσικός
athinagoras.vlachos312,^6MqYyIR_z,Αθηναγόρας,Βλάχος
meletios.karanasioy772,#u7TQvD$5&,Μελέτιος,Καρανασίου
stamatios.papadimitriadis756,&#9rAZT+j8,Σταμάτιος,Παπαδημητριάδης
kleanthis.vavoylidis519,3TQ*Jn3u&q,Κλεάνθης,Βαβουλίδης
drosia.selinopoyloy553,(0NQ)3hhA9,Δροσιά,Σελινοπούλου
leonidas.loyboytskoy798,nRna9AdcZ),Λεωνίδας,Λουμπούτσκου
uakinthi.georgoydis193,(g3YWElLqq,Υακίνθη,Γεωργούδης
marina.dimitrioy930,#GNu1VxwHu,Μαρίνα,Δημητρίου
adamantios.ioakeim501,_3L$jQjRtT,Αδαμάντιος,Ιωακείμ
minoas.georgiadoy776,J@2)VWk*F5,Μίνωας,Γεωργιάδου
zafeiria.braziotis738,7FV(t_wt#c,Ζαφειρία,Μπραζιώτης
aimilios.christodoylakis587,)ao7fJbdl6,Αιμίλιος,Χριστοδουλάκης
faidon.miliadoy879,H6@1)1ZbcG,Φαίδων,Μηλιάδου
marina.vavoylidis789,io4Ddia2(!,Μαρίνα,Βαβουλίδης
artemios.maragkos600,&zSciT+L&0,Αρτέμιος,Μαραγκός
agapi.melitsopoylos384,(3s!gHXv1z,Αγάπη,Μελιτσόπουλος
menelaos.koytsikopoylos835,*2EEIgZDf3,Μενέλαος,Κουτσικόπουλος
valentinos.mandalos940,*6Fa(h@uha,Βαλεντίνος,Μάνδαλος
tatiana.papagiannakopoylos595,EiU6DEim@t,Τατιάνα,Παπαγιαννακόπουλος
thalis.karantana65,x$(oP2%lzZ,Θαλής,Καραντάνα
dionusia.bliatsioy208,*#6FS(h!Yd,Διονυσία,Μπλιατσίου
agapitos.tasios32,%7UMCfb4uq,Αγαπητός,Τάσιος
elpida.vavasi796,A1tRsLcW_G,Ελπίδα,Βαβάση
malvina.tachtsidis722,$@1bPtKlds,Μαλβίνα,Ταχτσίδης
zabeta.eleutherioy604,@8nPS$wkFM,Ζαμπέτα,Ελευθερίου
chari.loyboytskoy473,&%J^z2tqQ1,Χάρη,Λουμπούτσκου
laurentios.vitsaxis43,#EkAgw_n0^,Λαυρέντιος,Βιτσαξής
merkoyrios.asaridis262,jn!7sAXi_f,Μερκούριος,Ασαρίδης
kuriaki.pispa891,)8nAUDIcV),Κυριακή,Πίσπα
kalupso.kaloydi782,@Y4TEeftC*,Καλυψώ,Καλούδη
kleopas.koykoyvinos5,*6gZLgrH1V,Κλεόπας,Κουκουβίνος
garyfallos.tsitoyras404,#)66rNi5SJ,Γαρύφαλλος,Τσιτούρας
velissarios.mauroytsos323,Ku8AT(cJb_,Βελισσάριος,Μαυρούτσος
minerva.zarzani724,Fl)0#Lau+6,Μινέρβα,Ζαρζάνη
charitos.karamanli497,%^p6TzGdsK,Χαρίτος,Καραμανλή
martha.valasidis531,jycAUc)!)5,Μάρθα,Βαλασίδης
agathonikos.korbopoylos868,v(4PlaHfi7,Αγαθόνικος,Κορμπόπουλος
miranta.porichis52,$LMQh@w$2e,Μιράντα,Πορίχης
orestis.lioyka80,@!3HnAFh^Z,Ορέστης,Λιούκα
pindaros.koytsoybi235,C6#H#6Zy2m,Πίνδαρος,Κουτσούμπη
erifyli.manikas808,l^V3TAUyi@,Εριφύλη,Μανίκας
auxentios.chatzisavvas852,)i$!z9VpPG,Αυξέντιος,Χατζησάββας
ariadni.tziortzios774,6Zt3LBJB!f,Αριάδνη,Τζιόρτζιος
eumenios.rokas491,_VWCgpLv52,Ευμένιος,Ρόκας
irodotos.bika611,V6mB7vlu*2,Ηρόδοτος,Μπίκα
christofora.chrusikos486,0yXdIjUs)R,Χριστοφόρα,Χρυσικός
leoni.kakavos496,(0cy)LRgYj,Λεώνη,Κακαβός
agapios.margaritaki264,0_$wI3ug$J,Αγάπιος,Μαργαριτάκη
tzeni.kazanopoylos866,s$j6WZz0kO,Τζένη,Καζανόπουλος
sotirios.angeloysopoyloy990,^3YFHQmlNu,Σωτήριος,Αγγελουσοπούλου
velissaria.giannoykos127,!6vWHzAv^s,Βελισσαρία,Γιαννούκος
terpsichori.rigkos509,$!h5LanwZe,Τερψιχόρη,Ρίγκος
ilias.akalidis828,iN7R4$Fq^q,Ηλίας,Ακαλίδης
charilaos.karveli38,(eXGbvVW@2,Χαρίλαος,Καρβέλη
veroniki.spasopoylos946,^Rc6NdKcU3,Βερονίκη,Σπασόπουλος
valerios.boziki232,f&9OuvIyxa,Βαλέριος,Μποζίκη
kirykos.bibiri517,)inz7tIu#+,Κηρύκος,Μπιμπίρη
dimokritos.labrinos421,!8aS3)UcmP,Δημόκριτος,Λαμπρινός
marotesa.kalogianni948,hPM9EweUM@,Μαρωτέσα,Καλογιάννη
rodoflos.koytsoyrelis708,a*f4RBvPqu,Ροδόφλος,Κουτσουρέλης
omiros.kordatzis750,(jMBQmn!y3,Όμηρος,Κορδατζής
matina.giasimakis677,N(2LL8Rnlp,Ματίνα,Γιασημάκης
kalupso.kottas251,SG1bZ7hl$6,Καλυψώ,Κώττας
fevronia.otsos419,S(!NR8Ja0u,Φεβρωνία,Ότσος
dikaios.zavitsanoy155,Qj5FzNcym#,Δίκαιος,Ζαβιτσάνου
kleomenis.tsoypras116,jY6Q5ppb(0,Κλεομένης,Τσούπρας
ploytarchos.barkoyta615,t57GsW5cp@,Πλούταρχος,Μπαρκούτα
karolos.chatzigeorgioy562,U!F4RS^4Wv,Κάρολος,Χατζηγεωργίου
diamantis.papathoma75,)*6r)UPh%9,Διαμαντής,Παπαθωμά
uvonni.braesa670,K%p3N4d6qb,Υβόννη,Μπραέσα
asterios.katsamanis643,$TV4P9Jl_6,Αστέριος,Κατσαμάνης
akritas.kalliantasi206,_VE186GjcQ,Ακρίτας,Καλλιάνταση
nathanail.boyloykos247,s4H2Nr7P!i,Ναθαναήλ,Μπουλούκος
diamanto.zareifopoyloy245,4+b2tSni6i,Διαμάντω,Ζαρειφοπούλου
rizos.chrusikos192,$rCiE3Xr*Q,Ρίζος,Χρυσικός
agapios.leventis599,&7TCYEc!dO,Αγάπιος,Λεβέντης
frixos.vlisaroylis449,l*9Wj$Uvzn,Φρίξος,Βλησαρούλης
ismini.tsiaras673,x3x0PTow$x,Ισμήνη,Τσιάρας
filomila.valsamidoy447,ym(2G5Qyee,Φιλομήλα,Βαλσαμίδου
poluchronia.margaris188,@uK$h^$vx7,Πολυχρονία,Μάργαρης
sofronia.zugoyri174,*xZ5YKj07_,Σωφρονία,Ζυγούρη
andronikos.stauridoy965,_59NxWNO2C,Ανδρόνικος,Σταυρίδου
eusevios.manoysiadis753,n1q4Fo81)#,Ευσέβιος,Μανουσιάδης
neofutos.kotoylas218,mxHS9wKX)3,Νεόφυτος,Κωτούλας
pantoyla.lentzioy985,8B@0YamZK^,Παντούλα,Λεντζίου
minoas.nikoylis618,7A*7wHtuQr,Μίνωας,Νικουλής
gavriella.zeugitis452,7Z(lL$v5_d,Γαβριέλλα,Ζευγίτης
mauroeidis.gkoyva753,K4lB6QXo$!,Μαυροειδής,Γκούβα
asterios.maragkos132,&PGgSVjlN6,Αστέριος,Μαραγκός
iakovos.naoym751,u9&DVS5e!6,Ιάκωβος,Ναούμ
anthoyla.tsati272,POuhm8UaY!,Ανθούλα,Τσάτη
danai.siganos838,)jGQMqZR^1,Δανάη,Σιγανός
stella.pandis952,$*08FZPilA,Στέλλα,Πανδής
perikleia.vitsaxis727,a^0NwtByFl,Περικλεία,Βιτσαξής
ntaniela.giannoykos441,)39+^slnDS,Ντανιέλα,Γιαννούκος
taxiarchis.romaioy626,nyK1fVHh$!,Ταξιάρχης,Ρωμαίου
eutuchia.papakosta256,5EepLSs0%U,Ευτυχία,Παπακώστα
ploytarchos.tsironis473,9*z%U5Or$S,Πλούταρχος,Τσιρώνης
karuofullia.kanellopoyloy992,7z)b6XGwDn,Καρυοφυλλιά,Κανελλοπούλου
panormitis.samtanidoy784,au24Av)s^$,Πανορμίτης,Σαμτανίδου
chrusanthi.pischinas44,iWT1Oouy0_,Χρυσάνθη,Πισχινάς
sevastianos.gkioldelis275,!2R1UAzRFs,Σεβαστιανός,Γκιολδελής
ilias.grigorioy678,!x+8QRsAGM,Ηλίας,Γρηγορίου
uakinthos.rachmanidis298,Ak379EQE^(,Υάκινθος,Ραχμανίδης
samoyil.chatzivlasioy453,$g1Rj%MVzl,Σαμουήλ,Χατζηβλασίου
asterios.euangelatos674,)9QO5ztY!W,Αστέριος,Ευαγγελάτος
nikos.dimopoyloy659,)lBpq0e3%9,Νίκος,Δημοπούλου
alkistis.foyntzoylas98,va7VyNj1@!,Άλκηστις,Φουντζούλας
androklis.michalellis797,AK#e5DgrVe,Ανδροκλής,Μιχαλέλλης
anastasios.skulogianni696,)iYHUgrg0X,Αναστάσιος,Σκυλογιάννη
apollon.koytsoybi963,+2i%jF5q8z,Απόλλων,Κουτσούμπη
neofutos.bozikis290,121CZygG)X,Νεόφυτος,Μποζίκης
kleovoylos.vlachodimoy759,f(1JRGovX&,Κλεόβουλος,Βλαχοδήμου
akrivi.gkikas423,+BP)3O8a+b,Ακριβή,Γκίκας
fanoyria.dimitrioy157,(1YT7w%oEV,Φανουρία,Δημητρίου
nikoleta.aslanidoy179,*F)@_3OA2r,Νικολέτα,Ασλανίδου
frantzeska.arapidoy109,4+91_uJy2V,Φραντζέσκα,Αραπίδου
eugenia.kontoy380,#h356Y3azV,Ευγενία,Κοντού
loyloydenia.avramidoy715,^5p8j!JiPH,Λουλουδένια,Αβραμίδου
timothea.xirotyri739,Ln9ZTgsZ%$,Τιμοθέα,Ξηροτύρη
maurikios.giasimakis425,$5AE8AFa%U,Μαυρίκιος,Γιασημάκης
grigorios.dagli583,$tQ#QAazQ6,Γρηγόριος,Δαγλή
poluniki.kontokostas663,C1aKy+ja%a,Πολυνίκη,Κοντοκώστας
afroditi.bliatsioy347,2p0TIeHU@J,Αφροδίτη,Μπλιατσίου
aias.gerodimos137,^nm8vXhMP%,Αίας,Γεροδήμος
stauroyla.karolidoy814,T+Q1SMbJOn,Σταυρούλα,Καρολίδου
reveka.filippakis465,3yJeSNs5(4,Ρεβέκα,Φιλιππάκης
